environment,attack,byz_fraction,aggregator,seed,eval_return_mean
simple_adversary_v3,none,0.0,fedavg,42,-16.542605323626198
simple_adversary_v3,none,0.0,fedavg,123,-14.937732579093815
simple_adversary_v3,none,0.0,fedavg,456,-13.95235995698287
simple_adversary_v3,none,0.0,fedavg,789,-14.079476007800558
simple_adversary_v3,none,0.0,fedavg,1024,-15.48003525331712
simple_adversary_v3,none,0.0,trimmed_mean,42,-15.002434746419809
simple_adversary_v3,none,0.0,trimmed_mean,123,-14.640394799449563
simple_adversary_v3,none,0.0,trimmed_mean,456,-13.941630334731732
simple_adversary_v3,none,0.0,trimmed_mean,789,-14.224785246662666
simple_adversary_v3,none,0.0,trimmed_mean,1024,-15.1789095659614
simple_adversary_v3,none,0.0,geometric_median,42,-14.135397083054968
simple_adversary_v3,none,0.0,geometric_median,123,-14.549741415248487
simple_adversary_v3,none,0.0,geometric_median,456,-13.72010140109637
simple_adversary_v3,none,0.0,geometric_median,789,-13.229470357451875
simple_adversary_v3,none,0.0,geometric_median,1024,-15.141901755308483
simple_adversary_v3,none,0.0,krum,42,-16.051885081016906
simple_adversary_v3,none,0.0,krum,123,-15.073208012184882
simple_adversary_v3,none,0.0,krum,456,-15.409874618622492
simple_adversary_v3,none,0.0,krum,789,-14.359150935148987
simple_adversary_v3,none,0.0,krum,1024,-14.363480291526828
simple_adversary_v3,none,0.0,multi_krum,42,-16.51540760784652
simple_adversary_v3,none,0.0,multi_krum,123,-15.275081719167842
simple_adversary_v3,none,0.0,multi_krum,456,-14.60771608953945
simple_adversary_v3,none,0.0,multi_krum,789,-13.877079250091302
simple_adversary_v3,none,0.0,multi_krum,1024,-15.674912442274982
simple_adversary_v3,none,0.0,fltrust,42,-15.168458038940182
simple_adversary_v3,none,0.0,fltrust,123,-14.94631786903086
simple_adversary_v3,none,0.0,fltrust,456,-13.87782702048052
simple_adversary_v3,none,0.0,fltrust,789,-14.120565973733122
simple_adversary_v3,none,0.0,fltrust,1024,-15.030789347243225
simple_adversary_v3,none,0.0,flame,42,-15.169460215528044
simple_adversary_v3,none,0.0,flame,123,-15.720637003811529
simple_adversary_v3,none,0.0,flame,456,-14.401329323688788
simple_adversary_v3,none,0.0,flame,789,-15.47606275641528
simple_adversary_v3,none,0.0,flame,1024,-13.928281414711492
simple_adversary_v3,none,0.0,foolsgold,42,-14.86060716832622
simple_adversary_v3,none,0.0,foolsgold,123,-14.86191716699229
simple_adversary_v3,none,0.0,foolsgold,456,-14.726706160037534
simple_adversary_v3,none,0.0,foolsgold,789,-14.285582065597485
simple_adversary_v3,none,0.0,foolsgold,1024,-15.017594614337757
simple_adversary_v3,none,0.0,trust_weighted,42,-15.242030271207536
simple_adversary_v3,none,0.0,trust_weighted,123,-13.83896909761978
simple_adversary_v3,none,0.0,trust_weighted,456,-14.16268377379723
simple_adversary_v3,none,0.0,trust_weighted,789,-14.792490333227883
simple_adversary_v3,none,0.0,trust_weighted,1024,-15.643517801316468
simple_adversary_v3,sign_flip,0.17,fedavg,42,-15.148113950506277
simple_adversary_v3,sign_flip,0.17,fedavg,123,-16.50109468758803
simple_adversary_v3,sign_flip,0.17,fedavg,456,-14.873239413428326
simple_adversary_v3,sign_flip,0.17,fedavg,789,-14.309844224275398
simple_adversary_v3,sign_flip,0.17,fedavg,1024,-14.893671620415692
simple_adversary_v3,sign_flip,0.17,trimmed_mean,42,-15.171374513873614
simple_adversary_v3,sign_flip,0.17,trimmed_mean,123,-14.951724629501989
simple_adversary_v3,sign_flip,0.17,trimmed_mean,456,-15.524628866844496
simple_adversary_v3,sign_flip,0.17,trimmed_mean,789,-14.04487353352733
simple_adversary_v3,sign_flip,0.17,trimmed_mean,1024,-15.529198681262844
simple_adversary_v3,sign_flip,0.17,geometric_median,42,-14.899046805281833
simple_adversary_v3,sign_flip,0.17,geometric_median,123,-14.590424758809974
simple_adversary_v3,sign_flip,0.17,geometric_median,456,-13.341294073233284
simple_adversary_v3,sign_flip,0.17,geometric_median,789,-14.074095517554188
simple_adversary_v3,sign_flip,0.17,geometric_median,1024,-14.505047990786236
simple_adversary_v3,sign_flip,0.17,krum,42,-16.579441965895768
simple_adversary_v3,sign_flip,0.17,krum,123,-16.267622760322755
simple_adversary_v3,sign_flip,0.17,krum,456,-15.656848153871335
simple_adversary_v3,sign_flip,0.17,krum,789,-14.46863754542521
simple_adversary_v3,sign_flip,0.17,krum,1024,-13.710117601777284
simple_adversary_v3,sign_flip,0.17,multi_krum,42,-14.591677925200283
simple_adversary_v3,sign_flip,0.17,multi_krum,123,-16.03575476690446
simple_adversary_v3,sign_flip,0.17,multi_krum,456,-14.9127458738323
simple_adversary_v3,sign_flip,0.17,multi_krum,789,-13.288477622152612
simple_adversary_v3,sign_flip,0.17,multi_krum,1024,-15.24096082660054
simple_adversary_v3,sign_flip,0.17,fltrust,42,-15.29842241233846
simple_adversary_v3,sign_flip,0.17,fltrust,123,-15.594556766473756
simple_adversary_v3,sign_flip,0.17,fltrust,456,-14.435302624677693
simple_adversary_v3,sign_flip,0.17,fltrust,789,-15.45177551950837
simple_adversary_v3,sign_flip,0.17,fltrust,1024,-15.32160684344406
simple_adversary_v3,sign_flip,0.17,flame,42,-14.664895989994298
simple_adversary_v3,sign_flip,0.17,flame,123,-14.940791423006546
simple_adversary_v3,sign_flip,0.17,flame,456,-15.249715565526577
simple_adversary_v3,sign_flip,0.17,flame,789,-14.00880745577942
simple_adversary_v3,sign_flip,0.17,flame,1024,-14.03959533207519
simple_adversary_v3,sign_flip,0.17,foolsgold,42,-21.456947411234182
simple_adversary_v3,sign_flip,0.17,foolsgold,123,-22.24121273010229
simple_adversary_v3,sign_flip,0.17,foolsgold,456,-23.676801427360857
simple_adversary_v3,sign_flip,0.17,foolsgold,789,-27.11334167962523
simple_adversary_v3,sign_flip,0.17,foolsgold,1024,-27.99243163259351
simple_adversary_v3,sign_flip,0.17,trust_weighted,42,-16.699489572527586
simple_adversary_v3,sign_flip,0.17,trust_weighted,123,-15.243071690981598
simple_adversary_v3,sign_flip,0.17,trust_weighted,456,-14.297649807660829
simple_adversary_v3,sign_flip,0.17,trust_weighted,789,-14.003522079182456
simple_adversary_v3,sign_flip,0.17,trust_weighted,1024,-15.435390786939925
simple_adversary_v3,sign_flip,0.5,fedavg,42,-27.575403849741413
simple_adversary_v3,sign_flip,0.5,fedavg,123,-25.838168771135187
simple_adversary_v3,sign_flip,0.5,fedavg,456,-23.77634426753625
simple_adversary_v3,sign_flip,0.5,fedavg,789,-33.75899719257459
simple_adversary_v3,sign_flip,0.5,fedavg,1024,-23.942973151116995
simple_adversary_v3,sign_flip,0.5,trimmed_mean,42,-25.81948740294784
simple_adversary_v3,sign_flip,0.5,trimmed_mean,123,-24.24696286024202
simple_adversary_v3,sign_flip,0.5,trimmed_mean,456,-25.7335454218038
simple_adversary_v3,sign_flip,0.5,trimmed_mean,789,-28.172727647756105
simple_adversary_v3,sign_flip,0.5,trimmed_mean,1024,-36.61232412332981
simple_adversary_v3,sign_flip,0.5,geometric_median,42,-18.17523194240659
simple_adversary_v3,sign_flip,0.5,geometric_median,123,-23.244233822012923
simple_adversary_v3,sign_flip,0.5,geometric_median,456,-20.82585597130245
simple_adversary_v3,sign_flip,0.5,geometric_median,789,-26.4826294951783
simple_adversary_v3,sign_flip,0.5,geometric_median,1024,-28.650535100787813
simple_adversary_v3,sign_flip,0.5,krum,42,-26.040187368782178
simple_adversary_v3,sign_flip,0.5,krum,123,-37.02776502397346
simple_adversary_v3,sign_flip,0.5,krum,456,-22.392197560544915
simple_adversary_v3,sign_flip,0.5,krum,789,-23.39032209846539
simple_adversary_v3,sign_flip,0.5,krum,1024,-56.74324858384016
simple_adversary_v3,sign_flip,0.5,multi_krum,42,-25.993616586491157
simple_adversary_v3,sign_flip,0.5,multi_krum,123,-24.87875116183549
simple_adversary_v3,sign_flip,0.5,multi_krum,456,-26.784910173379945
simple_adversary_v3,sign_flip,0.5,multi_krum,789,-22.553886435729737
simple_adversary_v3,sign_flip,0.5,multi_krum,1024,-33.292821415908975
simple_adversary_v3,sign_flip,0.5,fltrust,42,-22.430117797420035
simple_adversary_v3,sign_flip,0.5,fltrust,123,-23.340422180036715
simple_adversary_v3,sign_flip,0.5,fltrust,456,-23.05687000380904
simple_adversary_v3,sign_flip,0.5,fltrust,789,-22.85306524922365
simple_adversary_v3,sign_flip,0.5,fltrust,1024,-24.534867148460886
simple_adversary_v3,sign_flip,0.5,flame,42,-20.530310580824743
simple_adversary_v3,sign_flip,0.5,flame,123,-19.467783992392377
simple_adversary_v3,sign_flip,0.5,flame,456,-19.45372754617639
simple_adversary_v3,sign_flip,0.5,flame,789,-21.08707008993711
simple_adversary_v3,sign_flip,0.5,flame,1024,-20.305983858398974
simple_adversary_v3,sign_flip,0.5,foolsgold,42,-23.02731747126019
simple_adversary_v3,sign_flip,0.5,foolsgold,123,-26.20187526371149
simple_adversary_v3,sign_flip,0.5,foolsgold,456,-21.81262025186404
simple_adversary_v3,sign_flip,0.5,foolsgold,789,-20.314994124243743
simple_adversary_v3,sign_flip,0.5,foolsgold,1024,-25.530916466436302
simple_adversary_v3,sign_flip,0.5,trust_weighted,42,-23.04546973222713
simple_adversary_v3,sign_flip,0.5,trust_weighted,123,-27.47370505321361
simple_adversary_v3,sign_flip,0.5,trust_weighted,456,-25.669609047849114
simple_adversary_v3,sign_flip,0.5,trust_weighted,789,-24.408545019313728
simple_adversary_v3,sign_flip,0.5,trust_weighted,1024,-36.94184904564078
simple_adversary_v3,normalized,0.5,fedavg,42,-22.447337566976064
simple_adversary_v3,normalized,0.5,fedavg,123,-21.57203785273033
simple_adversary_v3,normalized,0.5,fedavg,456,-22.105579906832567
simple_adversary_v3,normalized,0.5,fedavg,789,-22.41463144703679
simple_adversary_v3,normalized,0.5,fedavg,1024,-23.25074596296285
simple_adversary_v3,normalized,0.5,trimmed_mean,42,-27.797394017260867
simple_adversary_v3,normalized,0.5,trimmed_mean,123,-32.17563551059983
simple_adversary_v3,normalized,0.5,trimmed_mean,456,-27.51851171286228
simple_adversary_v3,normalized,0.5,trimmed_mean,789,-23.701635555884454
simple_adversary_v3,normalized,0.5,trimmed_mean,1024,-32.6811423191485
simple_adversary_v3,normalized,0.5,geometric_median,42,-24.065229064108607
simple_adversary_v3,normalized,0.5,geometric_median,123,-22.830883297731525
simple_adversary_v3,normalized,0.5,geometric_median,456,-22.98639798858082
simple_adversary_v3,normalized,0.5,geometric_median,789,-22.546541971670123
simple_adversary_v3,normalized,0.5,geometric_median,1024,-25.64573012018101
simple_adversary_v3,normalized,0.5,krum,42,-24.670406641378264
simple_adversary_v3,normalized,0.5,krum,123,-23.76965532105397
simple_adversary_v3,normalized,0.5,krum,456,-23.50382381754285
simple_adversary_v3,normalized,0.5,krum,789,-22.963398324140336
simple_adversary_v3,normalized,0.5,krum,1024,-26.86368754865965
simple_adversary_v3,normalized,0.5,multi_krum,42,-24.188984215984483
simple_adversary_v3,normalized,0.5,multi_krum,123,-23.81644254591436
simple_adversary_v3,normalized,0.5,multi_krum,456,-22.826370445804777
simple_adversary_v3,normalized,0.5,multi_krum,789,-22.30943627449704
simple_adversary_v3,normalized,0.5,multi_krum,1024,-25.710670760262943
simple_adversary_v3,normalized,0.5,fltrust,42,-23.280407362305624
simple_adversary_v3,normalized,0.5,fltrust,123,-22.72211904580732
simple_adversary_v3,normalized,0.5,fltrust,456,-23.09272512152329
simple_adversary_v3,normalized,0.5,fltrust,789,-22.4521132242116
simple_adversary_v3,normalized,0.5,fltrust,1024,-24.398281959484105
simple_adversary_v3,normalized,0.5,flame,42,-41.652880683755
simple_adversary_v3,normalized,0.5,flame,123,-35.80545391196604
simple_adversary_v3,normalized,0.5,flame,456,-28.3673455534967
simple_adversary_v3,normalized,0.5,flame,789,-28.45288822422072
simple_adversary_v3,normalized,0.5,flame,1024,-58.64144671858956
simple_adversary_v3,normalized,0.5,foolsgold,42,-13.707918731810082
simple_adversary_v3,normalized,0.5,foolsgold,123,-17.126439574047172
simple_adversary_v3,normalized,0.5,foolsgold,456,-14.962096123011795
simple_adversary_v3,normalized,0.5,foolsgold,789,-13.606128215954074
simple_adversary_v3,normalized,0.5,foolsgold,1024,-15.522076237459896
simple_adversary_v3,normalized,0.5,trust_weighted,42,-20.067228502417525
simple_adversary_v3,normalized,0.5,trust_weighted,123,-20.74568044662264
simple_adversary_v3,normalized,0.5,trust_weighted,456,-16.128633033472184
simple_adversary_v3,normalized,0.5,trust_weighted,789,-23.70327683580338
simple_adversary_v3,normalized,0.5,trust_weighted,1024,-21.00386927248086
simple_adversary_v3,adaptive_strategic,0.5,fedavg,42,-19.041108106879918
simple_adversary_v3,adaptive_strategic,0.5,fedavg,123,-18.132376165581853
simple_adversary_v3,adaptive_strategic,0.5,fedavg,456,-16.41130924137765
simple_adversary_v3,adaptive_strategic,0.5,fedavg,789,-17.727850075668727
simple_adversary_v3,adaptive_strategic,0.5,fedavg,1024,-18.40191149672144
simple_adversary_v3,adaptive_strategic,0.5,trimmed_mean,42,-16.824053707729796
simple_adversary_v3,adaptive_strategic,0.5,trimmed_mean,123,-22.414198523957573
simple_adversary_v3,adaptive_strategic,0.5,trimmed_mean,456,-17.26203050890258
simple_adversary_v3,adaptive_strategic,0.5,trimmed_mean,789,-19.08563785733085
simple_adversary_v3,adaptive_strategic,0.5,trimmed_mean,1024,-18.889675619292557
simple_adversary_v3,adaptive_strategic,0.5,geometric_median,42,-17.778754148152014
simple_adversary_v3,adaptive_strategic,0.5,geometric_median,123,-21.240907077532924
simple_adversary_v3,adaptive_strategic,0.5,geometric_median,456,-18.80058832214505
simple_adversary_v3,adaptive_strategic,0.5,geometric_median,789,-20.67567185641674
simple_adversary_v3,adaptive_strategic,0.5,geometric_median,1024,-22.93424437940218
simple_adversary_v3,adaptive_strategic,0.5,krum,42,-21.22409406379609
simple_adversary_v3,adaptive_strategic,0.5,krum,123,-20.51525882788124
simple_adversary_v3,adaptive_strategic,0.5,krum,456,-18.75046880493634
simple_adversary_v3,adaptive_strategic,0.5,krum,789,-26.63141739927817
simple_adversary_v3,adaptive_strategic,0.5,krum,1024,-25.553869998495728
simple_adversary_v3,adaptive_strategic,0.5,multi_krum,42,-18.582671650780966
simple_adversary_v3,adaptive_strategic,0.5,multi_krum,123,-22.28621065481058
simple_adversary_v3,adaptive_strategic,0.5,multi_krum,456,-22.487360405252893
simple_adversary_v3,adaptive_strategic,0.5,multi_krum,789,-26.09101645973952
simple_adversary_v3,adaptive_strategic,0.5,multi_krum,1024,-19.799125241253467
simple_adversary_v3,adaptive_strategic,0.5,fltrust,42,-19.10831979922941
simple_adversary_v3,adaptive_strategic,0.5,fltrust,123,-20.821875402754667
simple_adversary_v3,adaptive_strategic,0.5,fltrust,456,-17.669809173001816
simple_adversary_v3,adaptive_strategic,0.5,fltrust,789,-20.041003917171672
simple_adversary_v3,adaptive_strategic,0.5,fltrust,1024,-18.60090649264067
simple_adversary_v3,adaptive_strategic,0.5,flame,42,-16.893493000482405
simple_adversary_v3,adaptive_strategic,0.5,flame,123,-20.89540024101698
simple_adversary_v3,adaptive_strategic,0.5,flame,456,-14.139060319806504
simple_adversary_v3,adaptive_strategic,0.5,flame,789,-15.774255692309392
simple_adversary_v3,adaptive_strategic,0.5,flame,1024,-15.79620920113252
simple_adversary_v3,adaptive_strategic,0.5,foolsgold,42,-17.492670285177056
simple_adversary_v3,adaptive_strategic,0.5,foolsgold,123,-21.1207887310218
simple_adversary_v3,adaptive_strategic,0.5,foolsgold,456,-19.206400360711758
simple_adversary_v3,adaptive_strategic,0.5,foolsgold,789,-19.27279521527683
simple_adversary_v3,adaptive_strategic,0.5,foolsgold,1024,-22.48953933707704
simple_adversary_v3,adaptive_strategic,0.5,trust_weighted,42,-16.597108129024623
simple_adversary_v3,adaptive_strategic,0.5,trust_weighted,123,-22.37904537534432
simple_adversary_v3,adaptive_strategic,0.5,trust_weighted,456,-17.564676203191013
simple_adversary_v3,adaptive_strategic,0.5,trust_weighted,789,-17.35145810995489
simple_adversary_v3,adaptive_strategic,0.5,trust_weighted,1024,-19.82145630122504
simple_spread_v3,none,0.0,fedavg,42,-19.86357566129259
simple_spread_v3,none,0.0,fedavg,123,-19.28041314495774
simple_spread_v3,none,0.0,fedavg,456,-19.23557455445039
simple_spread_v3,none,0.0,fedavg,789,-20.836888133970447
simple_spread_v3,none,0.0,fedavg,1024,-19.91552258860963
simple_spread_v3,none,0.0,trimmed_mean,42,-19.19126042787077
simple_spread_v3,none,0.0,trimmed_mean,123,-30.73834908569096
simple_spread_v3,none,0.0,trimmed_mean,456,-19.380450698543555
simple_spread_v3,none,0.0,trimmed_mean,789,-19.25775588853551
simple_spread_v3,none,0.0,trimmed_mean,1024,-19.408207831022622
simple_spread_v3,none,0.0,geometric_median,42,-19.32649399754465
simple_spread_v3,none,0.0,geometric_median,123,-28.659448675447543
simple_spread_v3,none,0.0,geometric_median,456,-19.568675615218183
simple_spread_v3,none,0.0,geometric_median,789,-19.70381976332012
simple_spread_v3,none,0.0,geometric_median,1024,-19.7700752844118
simple_spread_v3,none,0.0,krum,42,-27.100515477649587
simple_spread_v3,none,0.0,krum,123,-27.937778571020612
simple_spread_v3,none,0.0,krum,456,-21.1655113046383
simple_spread_v3,none,0.0,krum,789,-29.22704213902416
simple_spread_v3,none,0.0,krum,1024,-20.55781918213633
simple_spread_v3,none,0.0,multi_krum,42,-20.05106680856408
simple_spread_v3,none,0.0,multi_krum,123,-28.925039941395
simple_spread_v3,none,0.0,multi_krum,456,-20.17777340275316
simple_spread_v3,none,0.0,multi_krum,789,-20.801302918107872
simple_spread_v3,none,0.0,multi_krum,1024,-20.52651957883098
simple_spread_v3,none,0.0,fltrust,42,-28.04042754689078
simple_spread_v3,none,0.0,fltrust,123,-28.369214327438257
simple_spread_v3,none,0.0,fltrust,456,-20.71887287237238
simple_spread_v3,none,0.0,fltrust,789,-20.20786781703213
simple_spread_v3,none,0.0,fltrust,1024,-19.985945113713715
simple_spread_v3,none,0.0,flame,42,-24.48156661147194
simple_spread_v3,none,0.0,flame,123,-19.786220239946765
simple_spread_v3,none,0.0,flame,456,-19.678152878402816
simple_spread_v3,none,0.0,flame,789,-29.099262346738648
simple_spread_v3,none,0.0,flame,1024,-20.01371930840909
simple_spread_v3,none,0.0,foolsgold,42,-19.97004702317868
simple_spread_v3,none,0.0,foolsgold,123,-29.507014854741648
simple_spread_v3,none,0.0,foolsgold,456,-28.980874665302863
simple_spread_v3,none,0.0,foolsgold,789,-19.89246367112256
simple_spread_v3,none,0.0,foolsgold,1024,-19.968668532572693
simple_spread_v3,none,0.0,trust_weighted,42,-19.495414228831148
simple_spread_v3,none,0.0,trust_weighted,123,-29.12038947701445
simple_spread_v3,none,0.0,trust_weighted,456,-26.95368052567273
simple_spread_v3,none,0.0,trust_weighted,789,-20.23357472135927
simple_spread_v3,none,0.0,trust_weighted,1024,-19.895829459734895
simple_spread_v3,sign_flip,0.17,fedavg,42,-30.3670986397965
simple_spread_v3,sign_flip,0.17,fedavg,123,-29.98284346136691
simple_spread_v3,sign_flip,0.17,fedavg,456,-19.98257852397247
simple_spread_v3,sign_flip,0.17,fedavg,789,-28.285607480433548
simple_spread_v3,sign_flip,0.17,fedavg,1024,-27.35468181467887
simple_spread_v3,sign_flip,0.17,trimmed_mean,42,-19.9989446570912
simple_spread_v3,sign_flip,0.17,trimmed_mean,123,-28.46403630752036
simple_spread_v3,sign_flip,0.17,trimmed_mean,456,-27.041712983633737
simple_spread_v3,sign_flip,0.17,trimmed_mean,789,-27.65352391934759
simple_spread_v3,sign_flip,0.17,trimmed_mean,1024,-26.732212401477515
simple_spread_v3,sign_flip,0.17,geometric_median,42,-20.02487743004915
simple_spread_v3,sign_flip,0.17,geometric_median,123,-27.061730818368503
simple_spread_v3,sign_flip,0.17,geometric_median,456,-20.970950586890392
simple_spread_v3,sign_flip,0.17,geometric_median,789,-27.74058132876936
simple_spread_v3,sign_flip,0.17,geometric_median,1024,-27.65309579360241
simple_spread_v3,sign_flip,0.17,krum,42,-27.97598120090479
simple_spread_v3,sign_flip,0.17,krum,123,-26.989365743437872
simple_spread_v3,sign_flip,0.17,krum,456,-20.140899504437915
simple_spread_v3,sign_flip,0.17,krum,789,-29.72117740685428
simple_spread_v3,sign_flip,0.17,krum,1024,-28.128709022059525
simple_spread_v3,sign_flip,0.17,multi_krum,42,-19.80508746562815
simple_spread_v3,sign_flip,0.17,multi_krum,123,-20.30801856179049
simple_spread_v3,sign_flip,0.17,multi_krum,456,-27.89917096269119
simple_spread_v3,sign_flip,0.17,multi_krum,789,-28.4516889204238
simple_spread_v3,sign_flip,0.17,multi_krum,1024,-19.747408323177147
simple_spread_v3,sign_flip,0.17,fltrust,42,-22.69516211403732
simple_spread_v3,sign_flip,0.17,fltrust,123,-26.24971373617707
simple_spread_v3,sign_flip,0.17,fltrust,456,-21.081952840086657
simple_spread_v3,sign_flip,0.17,fltrust,789,-22.219647541929795
simple_spread_v3,sign_flip,0.17,fltrust,1024,-24.89087096375894
simple_spread_v3,sign_flip,0.17,flame,42,-27.40473644234956
simple_spread_v3,sign_flip,0.17,flame,123,-28.08598000790711
simple_spread_v3,sign_flip,0.17,flame,456,-19.71490200563428
simple_spread_v3,sign_flip,0.17,flame,789,-28.66816235915094
simple_spread_v3,sign_flip,0.17,flame,1024,-20.4750224198693
simple_spread_v3,sign_flip,0.17,foolsgold,42,-24.073243304734383
simple_spread_v3,sign_flip,0.17,foolsgold,123,-26.454106310859995
simple_spread_v3,sign_flip,0.17,foolsgold,456,-25.646389830963276
simple_spread_v3,sign_flip,0.17,foolsgold,789,-27.844630183038497
simple_spread_v3,sign_flip,0.17,foolsgold,1024,-23.81280295015894
simple_spread_v3,sign_flip,0.17,trust_weighted,42,-19.158428658945653
simple_spread_v3,sign_flip,0.17,trust_weighted,123,-30.13384732874382
simple_spread_v3,sign_flip,0.17,trust_weighted,456,-28.088586622663914
simple_spread_v3,sign_flip,0.17,trust_weighted,789,-29.27590706417483
simple_spread_v3,sign_flip,0.17,trust_weighted,1024,-27.55528758430485
simple_spread_v3,sign_flip,0.5,fedavg,42,-29.253258229997552
simple_spread_v3,sign_flip,0.5,fedavg,123,-24.32666455544219
simple_spread_v3,sign_flip,0.5,fedavg,456,-23.757355040427875
simple_spread_v3,sign_flip,0.5,fedavg,789,-26.892697998194368
simple_spread_v3,sign_flip,0.5,fedavg,1024,-23.89929582311791
simple_spread_v3,sign_flip,0.5,trimmed_mean,42,-27.18806607148654
simple_spread_v3,sign_flip,0.5,trimmed_mean,123,-27.12782368131824
simple_spread_v3,sign_flip,0.5,trimmed_mean,456,-25.259638062731653
simple_spread_v3,sign_flip,0.5,trimmed_mean,789,-26.77147810802048
simple_spread_v3,sign_flip,0.5,trimmed_mean,1024,-21.917882951175024
simple_spread_v3,sign_flip,0.5,geometric_median,42,-27.42351475317411
simple_spread_v3,sign_flip,0.5,geometric_median,123,-24.58646308625999
simple_spread_v3,sign_flip,0.5,geometric_median,456,-24.661196107817847
simple_spread_v3,sign_flip,0.5,geometric_median,789,-27.36505496452302
simple_spread_v3,sign_flip,0.5,geometric_median,1024,-22.181160197192877
simple_spread_v3,sign_flip,0.5,krum,42,-26.68797661807784
simple_spread_v3,sign_flip,0.5,krum,123,-25.085976225510183
simple_spread_v3,sign_flip,0.5,krum,456,-27.65854082996398
simple_spread_v3,sign_flip,0.5,krum,789,-25.196528416591978
simple_spread_v3,sign_flip,0.5,krum,1024,-25.33922286236298
simple_spread_v3,sign_flip,0.5,multi_krum,42,-23.128959943746118
simple_spread_v3,sign_flip,0.5,multi_krum,123,-27.437272570859363
simple_spread_v3,sign_flip,0.5,multi_krum,456,-24.20763218100632
simple_spread_v3,sign_flip,0.5,multi_krum,789,-23.53016923275284
simple_spread_v3,sign_flip,0.5,multi_krum,1024,-23.6865371460829
simple_spread_v3,sign_flip,0.5,fltrust,42,-25.719098194354544
simple_spread_v3,sign_flip,0.5,fltrust,123,-25.425034378959843
simple_spread_v3,sign_flip,0.5,fltrust,456,-23.84874622375268
simple_spread_v3,sign_flip,0.5,fltrust,789,-26.055840424272134
simple_spread_v3,sign_flip,0.5,fltrust,1024,-24.667201201588068
simple_spread_v3,sign_flip,0.5,flame,42,-24.3497869783822
simple_spread_v3,sign_flip,0.5,flame,123,-26.00381597230435
simple_spread_v3,sign_flip,0.5,flame,456,-23.095056534111656
simple_spread_v3,sign_flip,0.5,flame,789,-24.474030231415934
simple_spread_v3,sign_flip,0.5,flame,1024,-24.97932120017056
simple_spread_v3,sign_flip,0.5,foolsgold,42,-26.132161566493
simple_spread_v3,sign_flip,0.5,foolsgold,123,-27.001650909032943
simple_spread_v3,sign_flip,0.5,foolsgold,456,-23.870085859325197
simple_spread_v3,sign_flip,0.5,foolsgold,789,-27.637595284159246
simple_spread_v3,sign_flip,0.5,foolsgold,1024,-23.073461237251312
simple_spread_v3,sign_flip,0.5,trust_weighted,42,-25.89366688064061
simple_spread_v3,sign_flip,0.5,trust_weighted,123,-25.81578535828664
simple_spread_v3,sign_flip,0.5,trust_weighted,456,-24.64912122185561
simple_spread_v3,sign_flip,0.5,trust_weighted,789,-27.23762963757186
simple_spread_v3,sign_flip,0.5,trust_weighted,1024,-22.97891167186798
simple_spread_v3,normalized,0.5,fedavg,42,-25.29744623234504
simple_spread_v3,normalized,0.5,fedavg,123,-25.779435518987995
simple_spread_v3,normalized,0.5,fedavg,456,-24.692830209118465
simple_spread_v3,normalized,0.5,fedavg,789,-26.964538625393125
simple_spread_v3,normalized,0.5,fedavg,1024,-25.283291282614385
simple_spread_v3,normalized,0.5,trimmed_mean,42,-24.01358211887316
simple_spread_v3,normalized,0.5,trimmed_mean,123,-25.148654473863395
simple_spread_v3,normalized,0.5,trimmed_mean,456,-24.641803129050917
simple_spread_v3,normalized,0.5,trimmed_mean,789,-25.27557256372996
simple_spread_v3,normalized,0.5,trimmed_mean,1024,-25.417457991363065
simple_spread_v3,normalized,0.5,geometric_median,42,-25.453523886991725
simple_spread_v3,normalized,0.5,geometric_median,123,-24.713513955803315
simple_spread_v3,normalized,0.5,geometric_median,456,-25.612716887182213
simple_spread_v3,normalized,0.5,geometric_median,789,-25.16720215673413
simple_spread_v3,normalized,0.5,geometric_median,1024,-25.42705440135931
simple_spread_v3,normalized,0.5,krum,42,-25.267868839374664
simple_spread_v3,normalized,0.5,krum,123,-25.95110455581537
simple_spread_v3,normalized,0.5,krum,456,-23.17312909171628
simple_spread_v3,normalized,0.5,krum,789,-25.652301488393324
simple_spread_v3,normalized,0.5,krum,1024,-25.33688665815694
simple_spread_v3,normalized,0.5,multi_krum,42,-25.69308329440976
simple_spread_v3,normalized,0.5,multi_krum,123,-23.77493185100363
simple_spread_v3,normalized,0.5,multi_krum,456,-23.98543498165532
simple_spread_v3,normalized,0.5,multi_krum,789,-25.83525952269845
simple_spread_v3,normalized,0.5,multi_krum,1024,-25.167801482823343
simple_spread_v3,normalized,0.5,fltrust,42,-25.318330926311496
simple_spread_v3,normalized,0.5,fltrust,123,-24.92316048857284
simple_spread_v3,normalized,0.5,fltrust,456,-24.45934221630721
simple_spread_v3,normalized,0.5,fltrust,789,-25.556064046104364
simple_spread_v3,normalized,0.5,fltrust,1024,-25.115397866538377
simple_spread_v3,normalized,0.5,flame,42,-27.65636878713344
simple_spread_v3,normalized,0.5,flame,123,-26.97843379368758
simple_spread_v3,normalized,0.5,flame,456,-25.467568937083783
simple_spread_v3,normalized,0.5,flame,789,-25.73946081723565
simple_spread_v3,normalized,0.5,flame,1024,-23.29471438441005
simple_spread_v3,normalized,0.5,foolsgold,42,-28.90021896017941
simple_spread_v3,normalized,0.5,foolsgold,123,-23.576800540280104
simple_spread_v3,normalized,0.5,foolsgold,456,-24.10690579096341
simple_spread_v3,normalized,0.5,foolsgold,789,-19.86832665690076
simple_spread_v3,normalized,0.5,foolsgold,1024,-27.15112668423925
simple_spread_v3,normalized,0.5,trust_weighted,42,-26.775454068416543
simple_spread_v3,normalized,0.5,trust_weighted,123,-25.00009856101726
simple_spread_v3,normalized,0.5,trust_weighted,456,-25.47613592048021
simple_spread_v3,normalized,0.5,trust_weighted,789,-26.11933947773988
simple_spread_v3,normalized,0.5,trust_weighted,1024,-24.386445468358648
simple_spread_v3,adaptive_strategic,0.5,fedavg,42,-25.85655822748076
simple_spread_v3,adaptive_strategic,0.5,fedavg,123,-23.213266044226177
simple_spread_v3,adaptive_strategic,0.5,fedavg,456,-23.28027367293456
simple_spread_v3,adaptive_strategic,0.5,fedavg,789,-24.343104957045988
simple_spread_v3,adaptive_strategic,0.5,fedavg,1024,-26.80761867852489
simple_spread_v3,adaptive_strategic,0.5,trimmed_mean,42,-26.703286769676343
simple_spread_v3,adaptive_strategic,0.5,trimmed_mean,123,-23.16483048214822
simple_spread_v3,adaptive_strategic,0.5,trimmed_mean,456,-23.78005033653495
simple_spread_v3,adaptive_strategic,0.5,trimmed_mean,789,-23.701471122437752
simple_spread_v3,adaptive_strategic,0.5,trimmed_mean,1024,-24.10491632219196
simple_spread_v3,adaptive_strategic,0.5,geometric_median,42,-27.49376659253076
simple_spread_v3,adaptive_strategic,0.5,geometric_median,123,-24.46158982390157
simple_spread_v3,adaptive_strategic,0.5,geometric_median,456,-25.847594729090584
simple_spread_v3,adaptive_strategic,0.5,geometric_median,789,-26.355764012824803
simple_spread_v3,adaptive_strategic,0.5,geometric_median,1024,-23.8064728233265
simple_spread_v3,adaptive_strategic,0.5,krum,42,-23.758527911847462
simple_spread_v3,adaptive_strategic,0.5,krum,123,-24.795516720083317
simple_spread_v3,adaptive_strategic,0.5,krum,456,-23.40909471093821
simple_spread_v3,adaptive_strategic,0.5,krum,789,-26.79382133595244
simple_spread_v3,adaptive_strategic,0.5,krum,1024,-25.64795034800671
simple_spread_v3,adaptive_strategic,0.5,multi_krum,42,-22.791192986804575
simple_spread_v3,adaptive_strategic,0.5,multi_krum,123,-23.27127405157527
simple_spread_v3,adaptive_strategic,0.5,multi_krum,456,-24.560459829180186
simple_spread_v3,adaptive_strategic,0.5,multi_krum,789,-26.41352067319365
simple_spread_v3,adaptive_strategic,0.5,multi_krum,1024,-25.05986586718877
simple_spread_v3,adaptive_strategic,0.5,fltrust,42,-25.81648308869866
simple_spread_v3,adaptive_strategic,0.5,fltrust,123,-22.648391118255912
simple_spread_v3,adaptive_strategic,0.5,fltrust,456,-24.01055616287826
simple_spread_v3,adaptive_strategic,0.5,fltrust,789,-23.494825678426334
simple_spread_v3,adaptive_strategic,0.5,fltrust,1024,-22.704962053098104
simple_spread_v3,adaptive_strategic,0.5,flame,42,-24.643390902564462
simple_spread_v3,adaptive_strategic,0.5,flame,123,-23.76500973167538
simple_spread_v3,adaptive_strategic,0.5,flame,456,-22.25768268995192
simple_spread_v3,adaptive_strategic,0.5,flame,789,-27.77878819183229
simple_spread_v3,adaptive_strategic,0.5,flame,1024,-28.739014738315586
simple_spread_v3,adaptive_strategic,0.5,foolsgold,42,-27.34481367434272
simple_spread_v3,adaptive_strategic,0.5,foolsgold,123,-24.64336604266194
simple_spread_v3,adaptive_strategic,0.5,foolsgold,456,-24.04682849403657
simple_spread_v3,adaptive_strategic,0.5,foolsgold,789,-25.02125400295129
simple_spread_v3,adaptive_strategic,0.5,foolsgold,1024,-24.672910515266786
simple_spread_v3,adaptive_strategic,0.5,trust_weighted,42,-23.79893716073357
simple_spread_v3,adaptive_strategic,0.5,trust_weighted,123,-23.90774616327991
simple_spread_v3,adaptive_strategic,0.5,trust_weighted,456,-23.1844203175913
simple_spread_v3,adaptive_strategic,0.5,trust_weighted,789,-23.985793167049707
simple_spread_v3,adaptive_strategic,0.5,trust_weighted,1024,-25.75659830484352
simple_tag_v3,none,0.0,fedavg,42,3.75
simple_tag_v3,none,0.0,fedavg,123,3.75
simple_tag_v3,none,0.0,fedavg,456,7.75
simple_tag_v3,none,0.0,fedavg,789,5.5
simple_tag_v3,none,0.0,fedavg,1024,4.25
simple_tag_v3,none,0.0,trimmed_mean,42,3.5
simple_tag_v3,none,0.0,trimmed_mean,123,3.0
simple_tag_v3,none,0.0,trimmed_mean,456,9.75
simple_tag_v3,none,0.0,trimmed_mean,789,3.0
simple_tag_v3,none,0.0,trimmed_mean,1024,7.25
simple_tag_v3,none,0.0,geometric_median,42,5.0
simple_tag_v3,none,0.0,geometric_median,123,5.0
simple_tag_v3,none,0.0,geometric_median,456,11.25
simple_tag_v3,none,0.0,geometric_median,789,9.75
simple_tag_v3,none,0.0,geometric_median,1024,3.75
simple_tag_v3,none,0.0,krum,42,6.75
simple_tag_v3,none,0.0,krum,123,5.5
simple_tag_v3,none,0.0,krum,456,3.5
simple_tag_v3,none,0.0,krum,789,6.75
simple_tag_v3,none,0.0,krum,1024,1.0
simple_tag_v3,none,0.0,multi_krum,42,4.0
simple_tag_v3,none,0.0,multi_krum,123,8.25
simple_tag_v3,none,0.0,multi_krum,456,10.25
simple_tag_v3,none,0.0,multi_krum,789,5.25
simple_tag_v3,none,0.0,multi_krum,1024,3.75
simple_tag_v3,none,0.0,fltrust,42,4.0
simple_tag_v3,none,0.0,fltrust,123,3.0
simple_tag_v3,none,0.0,fltrust,456,6.5
simple_tag_v3,none,0.0,fltrust,789,4.0
simple_tag_v3,none,0.0,fltrust,1024,3.0
simple_tag_v3,none,0.0,flame,42,2.75
simple_tag_v3,none,0.0,flame,123,5.5
simple_tag_v3,none,0.0,flame,456,10.0
simple_tag_v3,none,0.0,flame,789,8.25
simple_tag_v3,none,0.0,flame,1024,3.75
simple_tag_v3,none,0.0,foolsgold,42,4.0
simple_tag_v3,none,0.0,foolsgold,123,5.25
simple_tag_v3,none,0.0,foolsgold,456,4.5
simple_tag_v3,none,0.0,foolsgold,789,3.0
simple_tag_v3,none,0.0,foolsgold,1024,1.25
simple_tag_v3,none,0.0,trust_weighted,42,5.0
simple_tag_v3,none,0.0,trust_weighted,123,6.5
simple_tag_v3,none,0.0,trust_weighted,456,2.75
simple_tag_v3,none,0.0,trust_weighted,789,5.5
simple_tag_v3,none,0.0,trust_weighted,1024,3.5
simple_tag_v3,sign_flip,0.17,fedavg,42,3.0
simple_tag_v3,sign_flip,0.17,fedavg,123,9.25
simple_tag_v3,sign_flip,0.17,fedavg,456,6.75
simple_tag_v3,sign_flip,0.17,fedavg,789,4.5
simple_tag_v3,sign_flip,0.17,fedavg,1024,2.5
simple_tag_v3,sign_flip,0.17,trimmed_mean,42,6.25
simple_tag_v3,sign_flip,0.17,trimmed_mean,123,7.0
simple_tag_v3,sign_flip,0.17,trimmed_mean,456,4.25
simple_tag_v3,sign_flip,0.17,trimmed_mean,789,2.25
simple_tag_v3,sign_flip,0.17,trimmed_mean,1024,4.5
simple_tag_v3,sign_flip,0.17,geometric_median,42,3.25
simple_tag_v3,sign_flip,0.17,geometric_median,123,4.75
simple_tag_v3,sign_flip,0.17,geometric_median,456,6.25
simple_tag_v3,sign_flip,0.17,geometric_median,789,5.5
simple_tag_v3,sign_flip,0.17,geometric_median,1024,2.25
simple_tag_v3,sign_flip,0.17,krum,42,4.75
simple_tag_v3,sign_flip,0.17,krum,123,0.25
simple_tag_v3,sign_flip,0.17,krum,456,1.25
simple_tag_v3,sign_flip,0.17,krum,789,1.5
simple_tag_v3,sign_flip,0.17,krum,1024,2.0
simple_tag_v3,sign_flip,0.17,multi_krum,42,0.5
simple_tag_v3,sign_flip,0.17,multi_krum,123,8.0
simple_tag_v3,sign_flip,0.17,multi_krum,456,6.0
simple_tag_v3,sign_flip,0.17,multi_krum,789,5.75
simple_tag_v3,sign_flip,0.17,multi_krum,1024,1.25
simple_tag_v3,sign_flip,0.17,fltrust,42,2.0
simple_tag_v3,sign_flip,0.17,fltrust,123,2.25
simple_tag_v3,sign_flip,0.17,fltrust,456,7.0
simple_tag_v3,sign_flip,0.17,fltrust,789,9.5
simple_tag_v3,sign_flip,0.17,fltrust,1024,5.25
simple_tag_v3,sign_flip,0.17,flame,42,1.25
simple_tag_v3,sign_flip,0.17,flame,123,2.25
simple_tag_v3,sign_flip,0.17,flame,456,4.0
simple_tag_v3,sign_flip,0.17,flame,789,2.75
simple_tag_v3,sign_flip,0.17,flame,1024,4.5
simple_tag_v3,sign_flip,0.17,foolsgold,42,2.75
simple_tag_v3,sign_flip,0.17,foolsgold,123,2.0
simple_tag_v3,sign_flip,0.17,foolsgold,456,9.25
simple_tag_v3,sign_flip,0.17,foolsgold,789,8.5
simple_tag_v3,sign_flip,0.17,foolsgold,1024,4.25
simple_tag_v3,sign_flip,0.17,trust_weighted,42,2.5
simple_tag_v3,sign_flip,0.17,trust_weighted,123,4.5
simple_tag_v3,sign_flip,0.17,trust_weighted,456,6.5
simple_tag_v3,sign_flip,0.17,trust_weighted,789,4.5
simple_tag_v3,sign_flip,0.17,trust_weighted,1024,4.25
simple_tag_v3,sign_flip,0.5,fedavg,42,4.0
simple_tag_v3,sign_flip,0.5,fedavg,123,2.25
simple_tag_v3,sign_flip,0.5,fedavg,456,1.5
simple_tag_v3,sign_flip,0.5,fedavg,789,5.25
simple_tag_v3,sign_flip,0.5,fedavg,1024,3.75
simple_tag_v3,sign_flip,0.5,trimmed_mean,42,2.0
simple_tag_v3,sign_flip,0.5,trimmed_mean,123,4.5
simple_tag_v3,sign_flip,0.5,trimmed_mean,456,3.5
simple_tag_v3,sign_flip,0.5,trimmed_mean,789,2.0
simple_tag_v3,sign_flip,0.5,trimmed_mean,1024,2.25
simple_tag_v3,sign_flip,0.5,geometric_median,42,0.75
simple_tag_v3,sign_flip,0.5,geometric_median,123,2.75
simple_tag_v3,sign_flip,0.5,geometric_median,456,4.75
simple_tag_v3,sign_flip,0.5,geometric_median,789,3.25
simple_tag_v3,sign_flip,0.5,geometric_median,1024,1.5
simple_tag_v3,sign_flip,0.5,krum,42,2.25
simple_tag_v3,sign_flip,0.5,krum,123,2.0
simple_tag_v3,sign_flip,0.5,krum,456,5.5
simple_tag_v3,sign_flip,0.5,krum,789,2.5
simple_tag_v3,sign_flip,0.5,krum,1024,1.5
simple_tag_v3,sign_flip,0.5,multi_krum,42,1.25
simple_tag_v3,sign_flip,0.5,multi_krum,123,2.25
simple_tag_v3,sign_flip,0.5,multi_krum,456,5.25
simple_tag_v3,sign_flip,0.5,multi_krum,789,4.75
simple_tag_v3,sign_flip,0.5,multi_krum,1024,1.75
simple_tag_v3,sign_flip,0.5,fltrust,42,0.75
simple_tag_v3,sign_flip,0.5,fltrust,123,5.5
simple_tag_v3,sign_flip,0.5,fltrust,456,2.75
simple_tag_v3,sign_flip,0.5,fltrust,789,5.25
simple_tag_v3,sign_flip,0.5,fltrust,1024,1.5
simple_tag_v3,sign_flip,0.5,flame,42,2.0
simple_tag_v3,sign_flip,0.5,flame,123,3.5
simple_tag_v3,sign_flip,0.5,flame,456,4.25
simple_tag_v3,sign_flip,0.5,flame,789,2.5
simple_tag_v3,sign_flip,0.5,flame,1024,2.5
simple_tag_v3,sign_flip,0.5,foolsgold,42,3.0
simple_tag_v3,sign_flip,0.5,foolsgold,123,2.5
simple_tag_v3,sign_flip,0.5,foolsgold,456,2.75
simple_tag_v3,sign_flip,0.5,foolsgold,789,1.75
simple_tag_v3,sign_flip,0.5,foolsgold,1024,3.0
simple_tag_v3,sign_flip,0.5,trust_weighted,42,3.0
simple_tag_v3,sign_flip,0.5,trust_weighted,123,4.5
simple_tag_v3,sign_flip,0.5,trust_weighted,456,2.25
simple_tag_v3,sign_flip,0.5,trust_weighted,789,4.75
simple_tag_v3,sign_flip,0.5,trust_weighted,1024,0.0
simple_tag_v3,normalized,0.5,fedavg,42,2.25
simple_tag_v3,normalized,0.5,fedavg,123,2.0
simple_tag_v3,normalized,0.5,fedavg,456,1.25
simple_tag_v3,normalized,0.5,fedavg,789,5.5
simple_tag_v3,normalized,0.5,fedavg,1024,2.5
simple_tag_v3,normalized,0.5,trimmed_mean,42,1.75
simple_tag_v3,normalized,0.5,trimmed_mean,123,4.25
simple_tag_v3,normalized,0.5,trimmed_mean,456,2.75
simple_tag_v3,normalized,0.5,trimmed_mean,789,5.25
simple_tag_v3,normalized,0.5,trimmed_mean,1024,2.75
simple_tag_v3,normalized,0.5,geometric_median,42,3.0
simple_tag_v3,normalized,0.5,geometric_median,123,4.25
simple_tag_v3,normalized,0.5,geometric_median,456,1.5
simple_tag_v3,normalized,0.5,geometric_median,789,4.75
simple_tag_v3,normalized,0.5,geometric_median,1024,3.5
simple_tag_v3,normalized,0.5,krum,42,2.25
simple_tag_v3,normalized,0.5,krum,123,2.75
simple_tag_v3,normalized,0.5,krum,456,2.5
simple_tag_v3,normalized,0.5,krum,789,1.5
simple_tag_v3,normalized,0.5,krum,1024,3.0
simple_tag_v3,normalized,0.5,multi_krum,42,2.5
simple_tag_v3,normalized,0.5,multi_krum,123,2.0
simple_tag_v3,normalized,0.5,multi_krum,456,1.25
simple_tag_v3,normalized,0.5,multi_krum,789,5.25
simple_tag_v3,normalized,0.5,multi_krum,1024,3.25
simple_tag_v3,normalized,0.5,fltrust,42,0.75
simple_tag_v3,normalized,0.5,fltrust,123,4.25
simple_tag_v3,normalized,0.5,fltrust,456,1.75
simple_tag_v3,normalized,0.5,fltrust,789,7.25
simple_tag_v3,normalized,0.5,fltrust,1024,2.75
simple_tag_v3,normalized,0.5,flame,42,2.5
simple_tag_v3,normalized,0.5,flame,123,5.25
simple_tag_v3,normalized,0.5,flame,456,2.5
simple_tag_v3,normalized,0.5,flame,789,4.0
simple_tag_v3,normalized,0.5,flame,1024,1.75
simple_tag_v3,normalized,0.5,foolsgold,42,5.75
simple_tag_v3,normalized,0.5,foolsgold,123,4.5
simple_tag_v3,normalized,0.5,foolsgold,456,9.75
simple_tag_v3,normalized,0.5,foolsgold,789,7.25
simple_tag_v3,normalized,0.5,foolsgold,1024,5.25
simple_tag_v3,normalized,0.5,trust_weighted,42,1.75
simple_tag_v3,normalized,0.5,trust_weighted,123,3.5
simple_tag_v3,normalized,0.5,trust_weighted,456,2.75
simple_tag_v3,normalized,0.5,trust_weighted,789,1.75
simple_tag_v3,normalized,0.5,trust_weighted,1024,0.0
simple_tag_v3,adaptive_strategic,0.5,fedavg,42,9.0
simple_tag_v3,adaptive_strategic,0.5,fedavg,123,5.25
simple_tag_v3,adaptive_strategic,0.5,fedavg,456,4.75
simple_tag_v3,adaptive_strategic,0.5,fedavg,789,3.0
simple_tag_v3,adaptive_strategic,0.5,fedavg,1024,1.5
simple_tag_v3,adaptive_strategic,0.5,trimmed_mean,42,3.5
simple_tag_v3,adaptive_strategic,0.5,trimmed_mean,123,2.5
simple_tag_v3,adaptive_strategic,0.5,trimmed_mean,456,1.75
simple_tag_v3,adaptive_strategic,0.5,trimmed_mean,789,7.25
simple_tag_v3,adaptive_strategic,0.5,trimmed_mean,1024,1.75
simple_tag_v3,adaptive_strategic,0.5,geometric_median,42,3.5
simple_tag_v3,adaptive_strategic,0.5,geometric_median,123,3.0
simple_tag_v3,adaptive_strategic,0.5,geometric_median,456,2.25
simple_tag_v3,adaptive_strategic,0.5,geometric_median,789,6.75
simple_tag_v3,adaptive_strategic,0.5,geometric_median,1024,1.0
simple_tag_v3,adaptive_strategic,0.5,krum,42,3.75
simple_tag_v3,adaptive_strategic,0.5,krum,123,4.0
simple_tag_v3,adaptive_strategic,0.5,krum,456,2.5
simple_tag_v3,adaptive_strategic,0.5,krum,789,0.75
simple_tag_v3,adaptive_strategic,0.5,krum,1024,1.75
simple_tag_v3,adaptive_strategic,0.5,multi_krum,42,1.25
simple_tag_v3,adaptive_strategic,0.5,multi_krum,123,2.75
simple_tag_v3,adaptive_strategic,0.5,multi_krum,456,4.0
simple_tag_v3,adaptive_strategic,0.5,multi_krum,789,3.0
simple_tag_v3,adaptive_strategic,0.5,multi_krum,1024,3.75
simple_tag_v3,adaptive_strategic,0.5,fltrust,42,6.25
simple_tag_v3,adaptive_strategic,0.5,fltrust,123,3.25
simple_tag_v3,adaptive_strategic,0.5,fltrust,456,2.5
simple_tag_v3,adaptive_strategic,0.5,fltrust,789,2.75
simple_tag_v3,adaptive_strategic,0.5,fltrust,1024,1.75
simple_tag_v3,adaptive_strategic,0.5,flame,42,3.0
simple_tag_v3,adaptive_strategic,0.5,flame,123,2.0
simple_tag_v3,adaptive_strategic,0.5,flame,456,4.0
simple_tag_v3,adaptive_strategic,0.5,flame,789,6.0
simple_tag_v3,adaptive_strategic,0.5,flame,1024,2.75
simple_tag_v3,adaptive_strategic,0.5,foolsgold,42,3.25
simple_tag_v3,adaptive_strategic,0.5,foolsgold,123,4.75
simple_tag_v3,adaptive_strategic,0.5,foolsgold,456,2.75
simple_tag_v3,adaptive_strategic,0.5,foolsgold,789,7.75
simple_tag_v3,adaptive_strategic,0.5,foolsgold,1024,1.75
simple_tag_v3,adaptive_strategic,0.5,trust_weighted,42,1.75
simple_tag_v3,adaptive_strategic,0.5,trust_weighted,123,3.0
simple_tag_v3,adaptive_strategic,0.5,trust_weighted,456,2.25
simple_tag_v3,adaptive_strategic,0.5,trust_weighted,789,6.0
simple_tag_v3,adaptive_strategic,0.5,trust_weighted,1024,3.75
simple_adversary_v3,adaptive_strategic,0.5,sage,123,-20.6629
simple_adversary_v3,adaptive_strategic,0.5,sage,42,-19.8538
simple_adversary_v3,adaptive_strategic,0.5,sage,456,-19.9931
simple_adversary_v3,adaptive_strategic,0.5,sage,789,-18.2338
simple_adversary_v3,none,0.0,sage,123,-14.0456
simple_adversary_v3,none,0.0,sage,42,-16.0841
simple_adversary_v3,none,0.0,sage,456,-14.1461
simple_adversary_v3,none,0.0,sage,789,-14.0111
simple_adversary_v3,normalized,0.5,sage,123,-15.3278
simple_adversary_v3,normalized,0.5,sage,42,-15.89
simple_adversary_v3,normalized,0.5,sage,456,-14.384
simple_adversary_v3,normalized,0.5,sage,789,-15.6595
simple_adversary_v3,sign_flip,0.17,sage,123,-15.2748
simple_adversary_v3,sign_flip,0.17,sage,42,-15.5235
simple_adversary_v3,sign_flip,0.17,sage,456,-13.9238
simple_adversary_v3,sign_flip,0.17,sage,789,-13.3174
simple_adversary_v3,sign_flip,0.5,sage,123,-26.6221
simple_adversary_v3,sign_flip,0.5,sage,42,-27.3939
simple_adversary_v3,sign_flip,0.5,sage,456,-24.8855
simple_adversary_v3,sign_flip,0.5,sage,789,-22.3132
simple_spread_v3,adaptive_strategic,0.5,sage,123,-22.8621
simple_spread_v3,adaptive_strategic,0.5,sage,42,-24.6118
simple_spread_v3,adaptive_strategic,0.5,sage,456,-24.724
simple_spread_v3,adaptive_strategic,0.5,sage,789,-25.4513
simple_spread_v3,none,0.0,sage,123,-23.8406
simple_spread_v3,none,0.0,sage,42,-28.2162
simple_spread_v3,none,0.0,sage,456,-18.8499
simple_spread_v3,none,0.0,sage,789,-29.2207
simple_spread_v3,normalized,0.5,sage,123,-27.3008
simple_spread_v3,normalized,0.5,sage,42,-19.7722
simple_spread_v3,normalized,0.5,sage,456,-21.417
simple_spread_v3,normalized,0.5,sage,789,-28.9762
simple_spread_v3,sign_flip,0.17,sage,123,-29.8571
simple_spread_v3,sign_flip,0.17,sage,42,-28.5859
simple_spread_v3,sign_flip,0.17,sage,456,-22.0911
simple_spread_v3,sign_flip,0.17,sage,789,-19.7567
simple_spread_v3,sign_flip,0.5,sage,123,-26.2096
simple_spread_v3,sign_flip,0.5,sage,42,-25.2679
simple_spread_v3,sign_flip,0.5,sage,456,-25.8059
simple_spread_v3,sign_flip,0.5,sage,789,-23.7649
simple_tag_v3,adaptive_strategic,0.5,sage,123,6.5
simple_tag_v3,adaptive_strategic,0.5,sage,42,4.0
simple_tag_v3,adaptive_strategic,0.5,sage,456,2.0
simple_tag_v3,adaptive_strategic,0.5,sage,789,8.25
simple_tag_v3,none,0.0,sage,123,7.25
simple_tag_v3,none,0.0,sage,42,13.5
simple_tag_v3,none,0.0,sage,456,6.25
simple_tag_v3,none,0.0,sage,789,8.5
simple_tag_v3,normalized,0.5,sage,123,4.25
simple_tag_v3,normalized,0.5,sage,42,9.0
simple_tag_v3,normalized,0.5,sage,456,7.25
simple_tag_v3,normalized,0.5,sage,789,3.0
simple_tag_v3,sign_flip,0.17,sage,123,5.75
simple_tag_v3,sign_flip,0.17,sage,42,7.75
simple_tag_v3,sign_flip,0.17,sage,456,6.5
simple_tag_v3,sign_flip,0.17,sage,789,13.75
simple_tag_v3,sign_flip,0.5,sage,123,3.75
simple_tag_v3,sign_flip,0.5,sage,42,3.75
simple_tag_v3,sign_flip,0.5,sage,456,1.25
simple_tag_v3,sign_flip,0.5,sage,789,4.0
simple_adversary_v3,none,0.0,sage,1024,-14.383430123703345
simple_adversary_v3,sign_flip,0.17,sage,1024,-13.983031478382713
simple_adversary_v3,sign_flip,0.5,sage,1024,-30.9420853527889
simple_adversary_v3,normalized,0.5,sage,1024,-15.517205832529196
simple_adversary_v3,adaptive_strategic,0.5,sage,1024,-27.778974186766344
simple_spread_v3,none,0.0,sage,1024,-19.968046676595964
simple_spread_v3,sign_flip,0.17,sage,1024,-22.167435380555922
simple_spread_v3,sign_flip,0.5,sage,1024,-23.48875128781689
simple_spread_v3,normalized,0.5,sage,1024,-24.903996983763857
simple_spread_v3,adaptive_strategic,0.5,sage,1024,-24.4458541303368
simple_tag_v3,none,0.0,sage,1024,5.0
simple_tag_v3,sign_flip,0.17,sage,1024,12.0
simple_tag_v3,sign_flip,0.5,sage,1024,0.0
simple_tag_v3,normalized,0.5,sage,1024,7.0
simple_tag_v3,adaptive_strategic,0.5,sage,1024,6.0
